{"type": "scene", "properties": {"height": 90.41916167664671, "width": 100.0, "baseExtent": [666991.268448466, 2078394.0336915022, 696939.6331172467, 2105473.0939608784], "crs": "EPSG:32614", "proj": "+proj=utm +zone=14 +datum=WGS84 +units=m +no_defs", "rotation": 0, "wgs84Center": {"lat": 18.911581128521398, "lon": -97.27222925900526}, "zExaggeration": 3.0, "zShift": 0.0}, "layers": [{"type": "layer", "id": 3, "properties": {"name": "cotasMaltrata", "queryable": 1, "visible": true, "type": "point", "objType": "Box", "propertyNames": ["ID_UNION", "CALIREPR", "z_1"], "label": {"index": 2, "relative": true}}, "data": {"materials": [{"type": 0, "c": 12497559}], "blocks": [{"url": "./data/index/a0.json", "featureCount": 2}]}}, {"type": "layer", "id": 9, "properties": {"name": "Cem3.0_R30m", "queryable": 1, "visible": true, "type": "dem", "shading": true}, "data": [{"type": "block", "layer": 9, "block": 0, "width": 100.0, "height": 90.41916167664671, "translate": [0.0, 0.0, 0.0], "zShift": 0.0, "zScale": 0.010017241452677088, "material": {"type": 0, "image": {"url": "./data/index/b0.png"}, "ds": 1}, "grid": {"width": 211, "height": 191, "url": "./data/index/b0.bin"}, "sides": {"mtl": {"type": 0, "c": 13417386}}}]}]}